{
  "name": "arduinoFFT",
  "keywords": "FFT, Fourier, FDT, frequency",
  "description": "A library for implementing floating point Fast Fourier Transform calculations.",
  "repository":
  {
    "type": "git",
    "url": "https://github.com/kosme/arduinoFFT.git"
  },
  "authors":
  [
    {
      "name": "Enrique Condes",
      "email": "enrique@shapeoko.com",
      "maintainer": true
    },
    {
      "name": "Didier Longueville",
      "url": "http://www.arduinoos.com/",
      "email": "contact@arduinoos.com"
    }
  ],
  "version": "1.5.5",
  "frameworks": ["arduino","mbed","espidf"],
  "platforms": "*"
}
